{"cameraMode":{"drawMode":0,"name":"Shaded","section":"Shading Mode"},"sceneLighting":true,"audioPlay":false,"sceneViewState":{"showFog":true,"showMaterialUpdate":false,"showSkybox":true,"showFlares":true,"showImageEffects":true,"showParticleSystems":true},"in2DMode":false,"pivot":{"x":2293.1318359375,"y":-347.92462158203127,"z":149.95703125},"rotation":{"x":-0.09914663434028626,"y":-0.0038832444697618486,"z":0.00038640646380372345,"w":-0.9950757622718811},"size":1471.0472412109375,"orthographic":false}